Clip Number,Time Range (s),Action (Confidence),Rank,Processing Time (s)
0,0.00-8.00,['applauding'] (0.0222),1,1.2439537048339844
0,0.00-8.00,['arranging flowers'] (0.0220),2,1.2439537048339844
0,0.00-8.00,['tai chi'] (0.0136),3,1.2439537048339844
0,0.00-8.00,['playing ukulele'] (0.0128),4,1.2439537048339844
0,0.00-8.00,['celebrating'] (0.0107),5,1.2439537048339844
1,4.00-12.00,['finger snapping'] (0.0194),1,0.5663418769836426
1,4.00-12.00,['stretching arm'] (0.0142),2,0.5663418769836426
1,4.00-12.00,['eating chips'] (0.0119),3,0.5663418769836426
1,4.00-12.00,['eating burger'] (0.0109),4,0.5663418769836426
1,4.00-12.00,['eating spaghetti'] (0.0106),5,0.5663418769836426
2,8.00-16.00,['folding paper'] (0.0193),1,0.5701301097869873
2,8.00-16.00,['counting money'] (0.0185),2,0.5701301097869873
2,8.00-16.00,['peeling potatoes'] (0.0176),3,0.5701301097869873
2,8.00-16.00,['sharpening pencil'] (0.0163),4,0.5701301097869873
2,8.00-16.00,['eating chips'] (0.0144),5,0.5701301097869873
3,12.00-20.00,['folding paper'] (0.0259),1,0.5701274871826172
3,12.00-20.00,['arranging flowers'] (0.0175),2,0.5701274871826172
3,12.00-20.00,['tasting food'] (0.0174),3,0.5701274871826172
3,12.00-20.00,['peeling potatoes'] (0.0161),4,0.5701274871826172
3,12.00-20.00,['peeling apples'] (0.0154),5,0.5701274871826172

Video Stats
Total Frames,528
Video Duration (s),21.12
FPS,25
Clips Processed,4
Mean Processing Time (s),0.7376382946968079
Median Processing Time (s),0.5701287984848022
Mode Processing Time (s),1.2439537048339844
Summary Processing Time (s),1.039867877960205
Total Processing Time (s),3.9904210567474365

Most Common Actions
arranging flowers,2,0.1000
eating chips,2,0.1000
folding paper,2,0.1000
peeling potatoes,2,0.1000
applauding,1,0.0500
tai chi,1,0.0500
playing ukulele,1,0.0500
celebrating,1,0.0500
finger snapping,1,0.0500
stretching arm,1,0.0500

Summary,"Eating chips (0.10) peeling potatoes (0,10) applauding ( 0.05) tai chi (0.,05) playing ukulele (0,.05) finger snapping (0;05) stretching arm (0.;05)"
